Workbook

Sheet TOPLAM
A3: PROJE: | B3: .........
A4: TARİH: | B4: ......
A6: İSİM: | B6: .......
A7: SOYAD: | B7: ........
B9: TOPLAM | C9: KDV | D9: KDV SİZ TUTAR
A10: YEMEK | B10: =SUM(YEMEK!G2) -> 0 | C10: =SUM(YEMEK!G3) -> 0 | D10: =SUM(YEMEK!G4) -> 0
A11: ULAŞIM | B11: =SUM(ULAŞIM!G2) -> 0 | C11: =SUM(ULAŞIM!G3) -> 0 | D11: =SUM(ULAŞIM!G4) -> 0
A12: TAKSİ | B12: =SUM(TAKSİ!E2) -> 0 | C12: 0 | D12: =SUM(TAKSİ!E2) -> 0
A13: İLETİŞİM | B13: =SUM(İLETİŞİM!E2) -> 0 | C13: 0 | D13: =SUM(İLETİŞİM!E2) -> 0
A14: OFİS-KIRTASİYE | B14: =SUM('OFİS-KIRTASİYE'!G2) -> 0 | C14: =SUM('OFİS-KIRTASİYE'!G3) -> 0 | D14: =SUM('OFİS-KIRTASİYE'!G4) -> 0
A15: DİĞER | B15: =SUM(DİĞER!G2) -> 0 | C15: =SUM(DİĞER!G3) -> 0 | D15: =SUM(DİĞER!G4) -> 0
A16: KONAKLAMA | B16: =SUM(KONAKLAMA!G2) -> 0 | C16: =SUM(KONAKLAMA!G3) -> 0 | D16: =SUM(KONAKLAMA!G4) -> 0
A17: MEKAN | B17: =SUM(MEKAN!G2) -> 0 | C17: =SUM(MEKAN!G3) -> 0 | D17: =SUM(MEKAN!G4) -> 0
A18: SANAT | B18: =SUM(SANAT!G2) -> 0 | C18: =SUM(SANAT!G3) -> 0 | D18: =SUM(SANAT!G4) -> 0
A19: KOSTÜM | B19: =SUM(KOSTÜM!G2) -> 0 | C19: =SUM(KOSTÜM!G3) -> 0 | D19: =SUM(KOSTÜM!G4) -> 0
A20: FİŞSİZ | B20: =SUM(FİŞSİZ!D2) -> 0 | C20: 0 | D20: =SUM(B20:C20) -> 0
A21: GENEL TOPLAM: | B21: =SUM(B10:B20) -> 0 | C21: =SUM(C10:C20) -> 0 | D21: =SUM(D10:D20) -> 0
A26: ALINAN AVANSLAR
A27: KİMDEN | B27: TUTAR
B28: 0
B29: 0
B30: 0
B31: 0
B32: 0
A33: ALINAN AVNASLAR TOPLAMI | B33: =SUM(B28:B32) -> 0
A36: VERİLEN AVANSLAR | B36: =SUM('VERİLEN AVANSLAR'!E2) -> 0
A38: KALAN AVANS | B38: =(B33-B36) -> 0
A40: HARCANAN | B40: KALAN
A41: =SUM(B21,B36) -> 0 | B41: =(B33-A41) -> 0

Sheet YEMEK
A2: İSİM: | B2: =TOPLAM!B6 -> ....... | G2: =SUM(C7:C46) -> 0
E3: YEMEK HARCAMALARI | G3: =SUM(D7:D46) -> 0
G4: =SUM(E7:E46) -> 0
A6: GÜN | B6: FİŞ NO | C6: TOPLAM | D6: KDV | E6: NET TUTAR | F6: AÇIKLAMA
D7: =-(C7/1.1)+C7 -> 0 | E7: =C7-D7 -> 0
D8: =-(C8/1.1)+C8 -> 0 | E8: =C8-D8 -> 0
D9: =-(C9/1.1)+C9 -> 0 | E9: =C9-D9 -> 0
D10: =-(C10/1.1)+C10 -> 0 | E10: =C10-D10 -> 0
D11: =-(C11/1.1)+C11 -> 0 | E11: =C11-D11 -> 0
D12: =-(C12/1.1)+C12 -> 0 | E12: =C12-D12 -> 0
D13: =-(C13/1.1)+C13 -> 0 | E13: =C13-D13 -> 0
D14: =-(C14/1.1)+C14 -> 0 | E14: =C14-D14 -> 0
D15: =-(C15/1.1)+C15 -> 0 | E15: =C15-D15 -> 0
D16: =-(C16/1.1)+C16 -> 0 | E16: =C16-D16 -> 0
D17: =-(C17/1.1)+C17 -> 0 | E17: =C17-D17 -> 0
D18: =-(C18/1.1)+C18 -> 0 | E18: =C18-D18 -> 0
... D46: =-(C46/1.1)+C46 -> 0 | E46: =C46-D46 -> 0
A47: TOPLAM | C47: =SUM(C7:C46) -> 0 | D47: =SUM(D7:D46) -> 0 | E47: =SUM(E7:E46) -> 0

Sheet ULAŞIM
A2: İSİM: | B2: =TOPLAM!B6 -> ....... | G2: =SUM(C7:C38) -> 0
E3: ULAŞIM HARCAMALARI | G3: =SUM(D7:D38) -> 0
G4: =SUM(E7:E38) -> 0
A6: GÜN | B6: FİŞ NO | C6: TOPLAM | D6: KDV | E6: NET TUTAR | F6: AÇIKLAMA
D7: =-(C7/1.2)+C7 -> 0 | E7: =C7-D7 -> 0
D8: =-(C8/1.2)+C8 -> 0 | E8: =C8-D8 -> 0
D9: =-(C9/1.2)+C9 -> 0 | E9: =C9-D9 -> 0
D10: =-(C10/1.2)+C10 -> 0 | E10: =C10-D10 -> 0
D11: =-(C11/1.2)+C11 -> 0 | E11: =C11-D11 -> 0
D12: =-(C12/1.2)+C12 -> 0 | E12: =C12-D12 -> 0
D13: =-(C13/1.2)+C13 -> 0 | E13: =C13-D13 -> 0
D14: =-(C14/1.2)+C14 -> 0 | E14: =C14-D14 -> 0
D15: =-(C15/1.2)+C15 -> 0 | E15: =C15-D15 -> 0
D16: =-(C16/1.2)+C16 -> 0 | E16: =C16-D16 -> 0
D17: =-(C17/1.2)+C17 -> 0 | E17: =C17-D17 -> 0
D18: =-(C18/1.2)+C18 -> 0 | E18: =C18-D18 -> 0
... D38: =-(C38/1.2)+C38 -> 0 | E38: =C38-D38 -> 0
A39: TOPLAM | C39: =SUM(C7:C38) -> 0 | D39: =SUM(D7:D38) -> 0 | E39: =SUM(E7:E38) -> 0

Sheet TAKSİ
A2: İSİM: | B2: =TOPLAM!B6 -> ....... | E2: =SUM(C7:C53) -> 0
D3: TAKSİ HARCAMALARI
A6: GÜN | B6: FİŞ NO | C6: TOPLAM | D6: AÇIKLAMA
A54: TOPLAM | C54: =SUM(C7:C53) -> 0

Sheet İLETİŞİM
A2: İSİM: | B2: =TOPLAM!B6 -> ....... | E2: =SUM(C7:C53) -> 0
D3: İLETİŞİM HARCAMALARI
A6: GÜN | B6: FİŞ NO | C6: TOPLAM | D6: AÇIKLAMA
A54: TOPLAM | C54: =SUM(C7:C53) -> 0

Sheet OFİS-KIRTASİYE
A2: İSİM: | B2: =TOPLAM!B6 -> ....... | G2: =SUM(C7:C42) -> 0
E3: OFİS-KIRTASİYE HARCAMALARI | G3: =SUM(D7:D42) -> 0
G4: =SUM(E7:E42) -> 0
A6: GÜN | B6: FİŞ NO | C6: TOPLAM | D6: KDV | E6: NET TUTAR | F6: AÇIKLAMA
D7: =-(C7/1.2)+C7 -> 0 | E7: =C7-D7 -> 0
D8: =-(C8/1.2)+C8 -> 0 | E8: =C8-D8 -> 0
D9: =-(C9/1.2)+C9 -> 0 | E9: =C9-D9 -> 0
D10: =-(C10/1.2)+C10 -> 0 | E10: =C10-D10 -> 0
D11: =-(C11/1.2)+C11 -> 0 | E11: =C11-D11 -> 0
D12: =-(C12/1.2)+C12 -> 0 | E12: =C12-D12 -> 0
D13: =-(C13/1.2)+C13 -> 0 | E13: =C13-D13 -> 0
D14: =-(C14/1.2)+C14 -> 0 | E14: =C14-D14 -> 0
D15: =-(C15/1.2)+C15 -> 0 | E15: =C15-D15 -> 0
D16: =-(C16/1.2)+C16 -> 0 | E16: =C16-D16 -> 0
D17: =-(C17/1.2)+C17 -> 0 | E17: =C17-D17 -> 0
D18: =-(C18/1.2)+C18 -> 0 | E18: =C18-D18 -> 0
... D42: =-(C42/1.2)+C42 -> 0 | E42: =C42-D42 -> 0
A43: TOPLAM | C43: =SUM(C7:C42) -> 0 | D43: =SUM(D7:D42) -> 0 | E43: =SUM(E7:E42) -> 0

Sheet DİĞER
A2: İSİM: | B2: =TOPLAM!B6 -> ....... | G2: =SUM(C7:C40) -> 0
E3: DİĞER HARCAMALAR | G3: =SUM(D7:D40) -> 0
G4: =SUM(E7:E40) -> 0
A6: GÜN | B6: FİŞ NO | C6: TOPLAM | D6: KDV | E6: NET TUTAR | F6: AÇIKLAMA
D7: =-(C7/1.2)+C7 -> 0 | E7: =C7-D7 -> 0
D8: =-(C8/1.2)+C8 -> 0 | E8: =C8-D8 -> 0
D9: =-(C9/1.2)+C9 -> 0 | E9: =C9-D9 -> 0
D10: =-(C10/1.2)+C10 -> 0 | E10: =C10-D10 -> 0
D11: =-(C11/1.2)+C11 -> 0 | E11: =C11-D11 -> 0
D12: =-(C12/1.2)+C12 -> 0 | E12: =C12-D12 -> 0
D13: =-(C13/1.2)+C13 -> 0 | E13: =C13-D13 -> 0
D14: =-(C14/1.2)+C14 -> 0 | E14: =C14-D14 -> 0
D15: =-(C15/1.2)+C15 -> 0 | E15: =C15-D15 -> 0
D16: =-(C16/1.2)+C16 -> 0 | E16: =C16-D16 -> 0
D17: =-(C17/1.2)+C17 -> 0 | E17: =C17-D17 -> 0
D18: =-(C18/1.2)+C18 -> 0 | E18: =C18-D18 -> 0
... D40: =-(C40/1.2)+C40 -> 0 | E40: =C40-D40 -> 0
A41: TOPLAM | C41: =SUM(C7:C40) -> 0 | D41: =SUM(D7:D40) -> 0 | E41: =SUM(E7:E40) -> 0

Sheet KONAKLAMA
A2: İSİM: | B2: =TOPLAM!B6 -> ....... | G2: =SUM(C7:C42) -> 0
E3: KONAKLAMA HARCAMALARI | G3: =SUM(D7:D42) -> 0
G4: =SUM(E7:DE42) -> 0
A6: GÜN | B6: FİŞ NO | C6: TOPLAM | D6: KDV | E6: NET TUTAR | F6: AÇIKLAMA
D7: =-(C7/1.2)+C7 -> 0 | E7: =C7-D7 -> 0
D8: =-(C8/1.2)+C8 -> 0 | E8: =C8-D8 -> 0
D9: =-(C9/1.2)+C9 -> 0 | E9: =C9-D9 -> 0
D10: =-(C10/1.2)+C10 -> 0 | E10: =C10-D10 -> 0
D11: =-(C11/1.2)+C11 -> 0 | E11: =C11-D11 -> 0
D12: =-(C12/1.2)+C12 -> 0 | E12: =C12-D12 -> 0
D13: =-(C13/1.2)+C13 -> 0 | E13: =C13-D13 -> 0
D14: =-(C14/1.2)+C14 -> 0 | E14: =C14-D14 -> 0
D15: =-(C15/1.2)+C15 -> 0 | E15: =C15-D15 -> 0
D16: =-(C16/1.2)+C16 -> 0 | E16: =C16-D16 -> 0
D17: =-(C17/1.2)+C17 -> 0 | E17: =C17-D17 -> 0
D18: =-(C18/1.2)+C18 -> 0 | E18: =C18-D18 -> 0
... D42: =-(C42/1.2)+C42 -> 0 | E42: =C42-D42 -> 0
A43: TOPLAM | C43: =SUM(C7:C42) -> 0 | D43: =SUM(D7:D42) -> 0 | E43: =SUM(E7:E42) -> 0

Sheet MEKAN
A2: İSİM: | B2: =TOPLAM!B6 -> ....... | G2: =SUM(C7:C42) -> 0
E3: MEKAN HARCAMALARI | G3: =SUM(D7:D42) -> 0
G4: =SUM(E7:E42) -> 0
A6: GÜN | B6: FİŞ NO | C6: TOPLAM | D6: KDV | E6: NET TUTAR | F6: AÇIKLAMA
D7: =-(C7/1.2)+C7 -> 0 | E7: =C7-D7 -> 0
D8: =-(C8/1.2)+C8 -> 0 | E8: =C8-D8 -> 0
D9: =-(C9/1.2)+C9 -> 0 | E9: =C9-D9 -> 0
D10: =-(C10/1.2)+C10 -> 0 | E10: =C10-D10 -> 0
D11: =-(C11/1.2)+C11 -> 0 | E11: =C11-D11 -> 0
D12: =-(C12/1.2)+C12 -> 0 | E12: =C12-D12 -> 0
D13: =-(C13/1.2)+C13 -> 0 | E13: =C13-D13 -> 0
D14: =-(C14/1.2)+C14 -> 0 | E14: =C14-D14 -> 0
D15: =-(C15/1.2)+C15 -> 0 | E15: =C15-D15 -> 0
D16: =-(C16/1.2)+C16 -> 0 | E16: =C16-D16 -> 0
D17: =-(C17/1.2)+C17 -> 0 | E17: =C17-D17 -> 0
D18: =-(C18/1.2)+C18 -> 0 | E18: =C18-D18 -> 0
... D42: =-(C42/1.2)+C42 -> 0 | E42: =C42-D42 -> 0
A43: TOPLAM | C43: =SUM(C7:C42) -> 0 | D43: =SUM(D7:D42) -> 0 | E43: =SUM(E7:E42) -> 0

Sheet SANAT
A2: İSİM: | B2: =TOPLAM!B6 -> ....... | G2: =SUM(C7:C42) -> 0
E3: SANAT HARCAMALARI | G3: =SUM(D7:D42) -> 0
G4: =SUM(E7:E42) -> 0
A6: GÜN | B6: FİŞ NO | C6: TOPLAM | D6: KDV | E6: NET TUTAR | F6: AÇIKLAMA
D7: =-(C7/1.2)+C7 -> 0 | E7: =C7-D7 -> 0
D8: =-(C8/1.2)+C8 -> 0 | E8: =C8-D8 -> 0
D9: =-(C9/1.2)+C9 -> 0 | E9: =C9-D9 -> 0
D10: =-(C10/1.2)+C10 -> 0 | E10: =C10-D10 -> 0
D11: =-(C11/1.2)+C11 -> 0 | E11: =C11-D11 -> 0
D12: =-(C12/1.2)+C12 -> 0 | E12: =C12-D12 -> 0
D13: =-(C13/1.2)+C13 -> 0 | E13: =C13-D13 -> 0
D14: =-(C14/1.2)+C14 -> 0 | E14: =C14-D14 -> 0
D15: =-(C15/1.2)+C15 -> 0 | E15: =C15-D15 -> 0
D16: =-(C16/1.2)+C16 -> 0 | E16: =C16-D16 -> 0
D17: =-(C17/1.2)+C17 -> 0 | E17: =C17-D17 -> 0
D18: =-(C18/1.2)+C18 -> 0 | E18: =C18-D18 -> 0
... D42: =-(C42/1.2)+C42 -> 0 | E42: =C42-D42 -> 0
A43: TOPLAM | C43: =SUM(C7:C42) -> 0 | D43: =SUM(D7:D42) -> 0 | E43: =SUM(E7:E42) -> 0

Sheet KOSTÜM
A2: İSİM: | B2: =TOPLAM!B6 -> ....... | G2: =SUM(C7:C42) -> 0
E3: KOSTÜM HARCAMALARI | G3: =SUM(D7:D42) -> 0
G4: =SUM(E7:E42) -> 0
A6: GÜN | B6: FİŞ NO | C6: TOPLAM | D6: KDV | E6: NET TUTAR | F6: AÇIKLAMA
D7: =-(C7/1.2)+C7 -> 0 | E7: =C7-D7 -> 0
D8: =-(C8/1.2)+C8 -> 0 | E8: =C8-D8 -> 0
D9: =-(C9/1.2)+C9 -> 0 | E9: =C9-D9 -> 0
D10: =-(C10/1.2)+C10 -> 0 | E10: =C10-D10 -> 0
D11: =-(C11/1.2)+C11 -> 0 | E11: =C11-D11 -> 0
D12: =-(C12/1.2)+C12 -> 0 | E12: =C12-D12 -> 0
D13: =-(C13/1.2)+C13 -> 0 | E13: =C13-D13 -> 0
D14: =-(C14/1.2)+C14 -> 0 | E14: =C14-D14 -> 0
D15: =-(C15/1.2)+C15 -> 0 | E15: =C15-D15 -> 0
D16: =-(C16/1.2)+C16 -> 0 | E16: =C16-D16 -> 0
D17: =-(C17/1.2)+C17 -> 0 | E17: =C17-D17 -> 0
D18: =-(C18/1.2)+C18 -> 0 | E18: =C18-D18 -> 0
... D42: =-(C42/1.2)+C42 -> 0 | E42: =C42-D42 -> 0
A43: TOPLAM | C43: =SUM(C7:C42) -> 0 | D43: =SUM(D7:D42) -> 0 | E43: =SUM(E7:E42) -> 0

Sheet FİŞSİZ
A2: İSİM: | B2: =TOPLAM!B6 -> ....... | D2: =SUM(B7:B48) -> 0
C3: FİŞSİZ HARCAMALAR
A6: GÜN | B6: TOPLAM | C6: AÇIKLAMA
B7: 0
A49: TOPLAM | B49: =SUM(B7:B48) -> 0

Sheet VERİLEN AVANSLAR
A2: İSİM: | E2: =SUM(B7:B48) -> 0
C3: VERİLEN AVANSLAR
A6: GÜN | B6: TOPLAM | C6: AÇIKLAMA
A49: TOPLAM | B49: =SUM(B7:B48) -> 0
